Timestamp,Message,Status,Time,Response,Cookies
2026-04-15T16:04:52,I am looking for RHD500 rotary actuator for purchase,200,24.79s 24.79s,"{""intent"": ""Clarification"", ""response"": ""Thank you for your interest in the RHD500 rotary actuator! To assist you with your request, I'll need a few details. Could you please provide the following:\n\n1. **First Name**\n2. **Last Name**\n3. **Email Address**\n\nThis will help me look up your information in our system and get your request to the right team."", ""timestamp"": 1776249269545}","{""ChatSession"": ""eyJhbGciOiJIUzI1NiIsInR5cCI6IkpXVCJ9.eyJzZXNzaW9uX2lkIjoiODkzYzBiNDItOTc1Yy00NjNkLTk1MWYtY2YxZjBhNTc4YmQwIiwiaWF0IjoxNzc2MjQ5MjY5LCJleHAiOjE3NzYyNTgyNjl9.DdaNwV6_SEOBsMY5NtDAwEQmpkIW7WTLY6QN63_dv4Q"", ""SalesForceToken"": """"}"
2026-04-15T16:05:52,"eugeneduncan5656@example.org, Aaron Anthony",504,60.34s 60.34s,"<!DOCTYPE HTML PUBLIC ""-//W3C//DTD HTML 4.01 Transitional//EN"" ""http://www.w3.org/TR/html4/loose.dtd"">
<HTML><HEAD><META HTTP-EQUIV=""Content-Type"" CONTENT=""text/html; charset=UTF-8"">
<TITLE>ERROR: The request could not be satisfied</TITLE>
</HEAD><BODY>
<H1>504 Gateway Timeout ERROR</H1>
<H2>The request could not be satisfied.</H2>
<HR noshade size=""1px"">
We can't connect to the server for this app or website at this time. There might be too much traffic or a configuration error. Try again later, or contact the app or website owner.
<BR clear=""all"">
If you provide content to customers through CloudFront, you can find steps to troubleshoot and help prevent this error by reviewing the CloudFront documentation.
<BR clear=""all"">
<HR noshade size=""1px"">
<PRE>
Generated by cloudfront (CloudFront) HTTP3 Server
Request ID: R_ZOL6AzmSPVMGgYma2cXFWZX8a5JofNF8dsgChIV1bz4XnkJqBq2w&#x3D;&#x3D;
</PRE>
<ADDRESS>
</ADDRESS>
</BODY></HTML>","{""ChatSession"": ""eyJhbGciOiJIUzI1NiIsInR5cCI6IkpXVCJ9.eyJzZXNzaW9uX2lkIjoiODkzYzBiNDItOTc1Yy00NjNkLTk1MWYtY2YxZjBhNTc4YmQwIiwiaWF0IjoxNzc2MjQ5MjY5LCJleHAiOjE3NzYyNTgyNjl9.DdaNwV6_SEOBsMY5NtDAwEQmpkIW7WTLY6QN63_dv4Q"", ""SalesForceToken"": """"}"
2026-04-15T16:09:22,I am looking for RHD500 rotary actuator for purchase,200,16.53s 16.53s,"{""intent"": ""AdditionalInfoRequired"", ""response"": ""Thank you for your interest in the RHD500 rotary actuator! To assist you with your request, I'll need a few details. Could you please provide the following information?\n\n1. **First Name**\n2. **Last Name**\n3. **Email Address**\n\nThis will help us look up your account and get you connected with the right team."", ""timestamp"": 1776249546820}","{""ChatSession"": ""eyJhbGciOiJIUzI1NiIsInR5cCI6IkpXVCJ9.eyJzZXNzaW9uX2lkIjoiZjgzYzhkZDQtOGRkYy00Mjk1LWE2ODgtZWUxNGFkNzJiNmYzIiwiaWF0IjoxNzc2MjQ5NTQ3LCJleHAiOjE3NzYyNTg1NDd9.1-iqZdKvUjsrIJ5urVqm2xI8BP_wERjm3SuYJhM0Ixk"", ""SalesForceToken"": """"}"
2026-04-15T16:10:23,"eugeneduncan5656@example.org, Aaron Anthony",504,60.36s 60.36s,"<!DOCTYPE HTML PUBLIC ""-//W3C//DTD HTML 4.01 Transitional//EN"" ""http://www.w3.org/TR/html4/loose.dtd"">
<HTML><HEAD><META HTTP-EQUIV=""Content-Type"" CONTENT=""text/html; charset=UTF-8"">
<TITLE>ERROR: The request could not be satisfied</TITLE>
</HEAD><BODY>
<H1>504 Gateway Timeout ERROR</H1>
<H2>The request could not be satisfied.</H2>
<HR noshade size=""1px"">
We can't connect to the server for this app or website at this time. There might be too much traffic or a configuration error. Try again later, or contact the app or website owner.
<BR clear=""all"">
If you provide content to customers through CloudFront, you can find steps to troubleshoot and help prevent this error by reviewing the CloudFront documentation.
<BR clear=""all"">
<HR noshade size=""1px"">
<PRE>
Generated by cloudfront (CloudFront) HTTP3 Server
Request ID: WA6_pxvSitJ8KKQMUWUbeczULH7bH-wWavun1Nv5AlI_vxNSp6hEmw&#x3D;&#x3D;
</PRE>
<ADDRESS>
</ADDRESS>
</BODY></HTML>","{""ChatSession"": ""eyJhbGciOiJIUzI1NiIsInR5cCI6IkpXVCJ9.eyJzZXNzaW9uX2lkIjoiZjgzYzhkZDQtOGRkYy00Mjk1LWE2ODgtZWUxNGFkNzJiNmYzIiwiaWF0IjoxNzc2MjQ5NTQ3LCJleHAiOjE3NzYyNTg1NDd9.1-iqZdKvUjsrIJ5urVqm2xI8BP_wERjm3SuYJhM0Ixk"", ""SalesForceToken"": """"}"
